{
  "total_errors": 2139,
  "reasonable_errors": 1125,
  "severe_errors": 1014,
  "reasonable_error_rate": 52.594670406732114,
  "severe_error_rate": 47.40532959326788
}